{
  "currentTime": "2025-02-03T11:44:03.780430023Z",
  "currentEpoch": 537,
  "currentBlock": 11436195,
  "uniqueDelegators": 113868,
  "totalDelegations": 121772,
  "totalGovernanceActions": 8,
  "totalDRepVotes": 855,
  "totalRegisteredDReps": 1002,
  "totalStakeControlledByDReps": 5526803251241753,
  "totalStakeControlledBySPOs": 21732597322645824,
  "totalActiveDReps": 428,
  "totalInactiveDReps": 574,
  "totalActiveCIP119CompliantDReps": 95,
  "totalRegisteredDirectVoters": 616,
  "alwaysAbstainVotingPower": 2390729766632512,
  "alwaysNoConfidenceVotingPower": 140485275613988,
  "networkName": "mainnet",
  "supply": 37566305694.08585,
  "treasury": 1664007113.173757,
  "circulation": 35185844017.05827,
  "rewards": 711652597.103589,
  "reserves": 7433694305.914142,
  "deposits": 4801966.750234127,
  "total": 5526803251.241753,
  "alwaysAbstain": 2390729766.632512,
  "noConfidence": 140485275.613988,
  "dreps": 2995588208.9952526
}
